date,Total Gross Domestic Product,msa_state,city,title,id,frequency,seasonal_adjustment
2001-01-01,16847.198,SC,Charleston,"Total Gross Domestic Product for Charleston-North Charleston, SC (MSA)",NGMP16700,Annual,Not Seasonally Adjusted
2002-01-01,17993.439,SC,Charleston,"Total Gross Domestic Product for Charleston-North Charleston, SC (MSA)",NGMP16700,Annual,Not Seasonally Adjusted
2003-01-01,19431.173,SC,Charleston,"Total Gross Domestic Product for Charleston-North Charleston, SC (MSA)",NGMP16700,Annual,Not Seasonally Adjusted
2004-01-01,21269.024,SC,Charleston,"Total Gross Domestic Product for Charleston-North Charleston, SC (MSA)",NGMP16700,Annual,Not Seasonally Adjusted
2005-01-01,23394.092,SC,Charleston,"Total Gross Domestic Product for Charleston-North Charleston, SC (MSA)",NGMP16700,Annual,Not Seasonally Adjusted
2006-01-01,25090.243,SC,Charleston,"Total Gross Domestic Product for Charleston-North Charleston, SC (MSA)",NGMP16700,Annual,Not Seasonally Adjusted
2007-01-01,27005.528,SC,Charleston,"Total Gross Domestic Product for Charleston-North Charleston, SC (MSA)",NGMP16700,Annual,Not Seasonally Adjusted
2008-01-01,27277.613,SC,Charleston,"Total Gross Domestic Product for Charleston-North Charleston, SC (MSA)",NGMP16700,Annual,Not Seasonally Adjusted
2009-01-01,26938.842,SC,Charleston,"Total Gross Domestic Product for Charleston-North Charleston, SC (MSA)",NGMP16700,Annual,Not Seasonally Adjusted
2010-01-01,28376.859,SC,Charleston,"Total Gross Domestic Product for Charleston-North Charleston, SC (MSA)",NGMP16700,Annual,Not Seasonally Adjusted
2011-01-01,30197.945,SC,Charleston,"Total Gross Domestic Product for Charleston-North Charleston, SC (MSA)",NGMP16700,Annual,Not Seasonally Adjusted
2012-01-01,32514.042,SC,Charleston,"Total Gross Domestic Product for Charleston-North Charleston, SC (MSA)",NGMP16700,Annual,Not Seasonally Adjusted
2013-01-01,33082.174,SC,Charleston,"Total Gross Domestic Product for Charleston-North Charleston, SC (MSA)",NGMP16700,Annual,Not Seasonally Adjusted
2014-01-01,34755.451,SC,Charleston,"Total Gross Domestic Product for Charleston-North Charleston, SC (MSA)",NGMP16700,Annual,Not Seasonally Adjusted
2015-01-01,37169.289,SC,Charleston,"Total Gross Domestic Product for Charleston-North Charleston, SC (MSA)",NGMP16700,Annual,Not Seasonally Adjusted
2016-01-01,39659.001,SC,Charleston,"Total Gross Domestic Product for Charleston-North Charleston, SC (MSA)",NGMP16700,Annual,Not Seasonally Adjusted
2017-01-01,41089.131,SC,Charleston,"Total Gross Domestic Product for Charleston-North Charleston, SC (MSA)",NGMP16700,Annual,Not Seasonally Adjusted
2018-01-01,43404.063,SC,Charleston,"Total Gross Domestic Product for Charleston-North Charleston, SC (MSA)",NGMP16700,Annual,Not Seasonally Adjusted
2019-01-01,46191.045,SC,Charleston,"Total Gross Domestic Product for Charleston-North Charleston, SC (MSA)",NGMP16700,Annual,Not Seasonally Adjusted
2020-01-01,45592.224,SC,Charleston,"Total Gross Domestic Product for Charleston-North Charleston, SC (MSA)",NGMP16700,Annual,Not Seasonally Adjusted
2001-01-01,6358.586,VA,Charlottesville,"Total Gross Domestic Product for Charlottesville, VA (MSA)",NGMP16820,Annual,Not Seasonally Adjusted
2002-01-01,6560.931,VA,Charlottesville,"Total Gross Domestic Product for Charlottesville, VA (MSA)",NGMP16820,Annual,Not Seasonally Adjusted
2003-01-01,6925.805,VA,Charlottesville,"Total Gross Domestic Product for Charlottesville, VA (MSA)",NGMP16820,Annual,Not Seasonally Adjusted
2004-01-01,7419.964,VA,Charlottesville,"Total Gross Domestic Product for Charlottesville, VA (MSA)",NGMP16820,Annual,Not Seasonally Adjusted
2005-01-01,8027.936,VA,Charlottesville,"Total Gross Domestic Product for Charlottesville, VA (MSA)",NGMP16820,Annual,Not Seasonally Adjusted
2006-01-01,8618.908,VA,Charlottesville,"Total Gross Domestic Product for Charlottesville, VA (MSA)",NGMP16820,Annual,Not Seasonally Adjusted
2007-01-01,9152.523,VA,Charlottesville,"Total Gross Domestic Product for Charlottesville, VA (MSA)",NGMP16820,Annual,Not Seasonally Adjusted
2008-01-01,9675.62,VA,Charlottesville,"Total Gross Domestic Product for Charlottesville, VA (MSA)",NGMP16820,Annual,Not Seasonally Adjusted
2009-01-01,9807.426,VA,Charlottesville,"Total Gross Domestic Product for Charlottesville, VA (MSA)",NGMP16820,Annual,Not Seasonally Adjusted
2010-01-01,10436.722,VA,Charlottesville,"Total Gross Domestic Product for Charlottesville, VA (MSA)",NGMP16820,Annual,Not Seasonally Adjusted
2011-01-01,10564.161,VA,Charlottesville,"Total Gross Domestic Product for Charlottesville, VA (MSA)",NGMP16820,Annual,Not Seasonally Adjusted
2012-01-01,10900.584,VA,Charlottesville,"Total Gross Domestic Product for Charlottesville, VA (MSA)",NGMP16820,Annual,Not Seasonally Adjusted
2013-01-01,11216.885,VA,Charlottesville,"Total Gross Domestic Product for Charlottesville, VA (MSA)",NGMP16820,Annual,Not Seasonally Adjusted
2014-01-01,11537.726,VA,Charlottesville,"Total Gross Domestic Product for Charlottesville, VA (MSA)",NGMP16820,Annual,Not Seasonally Adjusted
2015-01-01,12179.082,VA,Charlottesville,"Total Gross Domestic Product for Charlottesville, VA (MSA)",NGMP16820,Annual,Not Seasonally Adjusted
2016-01-01,12573.855,VA,Charlottesville,"Total Gross Domestic Product for Charlottesville, VA (MSA)",NGMP16820,Annual,Not Seasonally Adjusted
2017-01-01,13411.045,VA,Charlottesville,"Total Gross Domestic Product for Charlottesville, VA (MSA)",NGMP16820,Annual,Not Seasonally Adjusted
2018-01-01,14054.307,VA,Charlottesville,"Total Gross Domestic Product for Charlottesville, VA (MSA)",NGMP16820,Annual,Not Seasonally Adjusted
2019-01-01,14403.538,VA,Charlottesville,"Total Gross Domestic Product for Charlottesville, VA (MSA)",NGMP16820,Annual,Not Seasonally Adjusted
2020-01-01,14183.665,VA,Charlottesville,"Total Gross Domestic Product for Charlottesville, VA (MSA)",NGMP16820,Annual,Not Seasonally Adjusted
2001-01-01,401407.693,IL,Chicago,"Total Gross Domestic Product for Chicago-Naperville-Elgin, IL-IN-WI (MSA)",NGMP16980,Annual,Not Seasonally Adjusted
2002-01-01,411155.211,IL,Chicago,"Total Gross Domestic Product for Chicago-Naperville-Elgin, IL-IN-WI (MSA)",NGMP16980,Annual,Not Seasonally Adjusted
2003-01-01,425385.586,IL,Chicago,"Total Gross Domestic Product for Chicago-Naperville-Elgin, IL-IN-WI (MSA)",NGMP16980,Annual,Not Seasonally Adjusted
2004-01-01,449004.156,IL,Chicago,"Total Gross Domestic Product for Chicago-Naperville-Elgin, IL-IN-WI (MSA)",NGMP16980,Annual,Not Seasonally Adjusted
2005-01-01,472993.552,IL,Chicago,"Total Gross Domestic Product for Chicago-Naperville-Elgin, IL-IN-WI (MSA)",NGMP16980,Annual,Not Seasonally Adjusted
2006-01-01,500969.502,IL,Chicago,"Total Gross Domestic Product for Chicago-Naperville-Elgin, IL-IN-WI (MSA)",NGMP16980,Annual,Not Seasonally Adjusted
2007-01-01,523165.163,IL,Chicago,"Total Gross Domestic Product for Chicago-Naperville-Elgin, IL-IN-WI (MSA)",NGMP16980,Annual,Not Seasonally Adjusted
2008-01-01,520597.015,IL,Chicago,"Total Gross Domestic Product for Chicago-Naperville-Elgin, IL-IN-WI (MSA)",NGMP16980,Annual,Not Seasonally Adjusted
2009-01-01,510758.958,IL,Chicago,"Total Gross Domestic Product for Chicago-Naperville-Elgin, IL-IN-WI (MSA)",NGMP16980,Annual,Not Seasonally Adjusted
2010-01-01,523098.041,IL,Chicago,"Total Gross Domestic Product for Chicago-Naperville-Elgin, IL-IN-WI (MSA)",NGMP16980,Annual,Not Seasonally Adjusted
2011-01-01,542384.78,IL,Chicago,"Total Gross Domestic Product for Chicago-Naperville-Elgin, IL-IN-WI (MSA)",NGMP16980,Annual,Not Seasonally Adjusted
2012-01-01,570954.874,IL,Chicago,"Total Gross Domestic Product for Chicago-Naperville-Elgin, IL-IN-WI (MSA)",NGMP16980,Annual,Not Seasonally Adjusted
2013-01-01,583070.72,IL,Chicago,"Total Gross Domestic Product for Chicago-Naperville-Elgin, IL-IN-WI (MSA)",NGMP16980,Annual,Not Seasonally Adjusted
2014-01-01,609478.18,IL,Chicago,"Total Gross Domestic Product for Chicago-Naperville-Elgin, IL-IN-WI (MSA)",NGMP16980,Annual,Not Seasonally Adjusted
2015-01-01,636938.865,IL,Chicago,"Total Gross Domestic Product for Chicago-Naperville-Elgin, IL-IN-WI (MSA)",NGMP16980,Annual,Not Seasonally Adjusted
2016-01-01,647455.652,IL,Chicago,"Total Gross Domestic Product for Chicago-Naperville-Elgin, IL-IN-WI (MSA)",NGMP16980,Annual,Not Seasonally Adjusted
2017-01-01,667153.495,IL,Chicago,"Total Gross Domestic Product for Chicago-Naperville-Elgin, IL-IN-WI (MSA)",NGMP16980,Annual,Not Seasonally Adjusted
2018-01-01,701954.968,IL,Chicago,"Total Gross Domestic Product for Chicago-Naperville-Elgin, IL-IN-WI (MSA)",NGMP16980,Annual,Not Seasonally Adjusted
2019-01-01,721906.95,IL,Chicago,"Total Gross Domestic Product for Chicago-Naperville-Elgin, IL-IN-WI (MSA)",NGMP16980,Annual,Not Seasonally Adjusted
2020-01-01,692988.237,IL,Chicago,"Total Gross Domestic Product for Chicago-Naperville-Elgin, IL-IN-WI (MSA)",NGMP16980,Annual,Not Seasonally Adjusted
2001-01-01,79317.816,OH,Cincinnati,"Total Gross Domestic Product for Cincinnati, OH-KY-IN (MSA)",NGMP17140,Annual,Not Seasonally Adjusted
2002-01-01,82471.208,OH,Cincinnati,"Total Gross Domestic Product for Cincinnati, OH-KY-IN (MSA)",NGMP17140,Annual,Not Seasonally Adjusted
2003-01-01,85440.314,OH,Cincinnati,"Total Gross Domestic Product for Cincinnati, OH-KY-IN (MSA)",NGMP17140,Annual,Not Seasonally Adjusted
2004-01-01,89491.72,OH,Cincinnati,"Total Gross Domestic Product for Cincinnati, OH-KY-IN (MSA)",NGMP17140,Annual,Not Seasonally Adjusted
2005-01-01,94696.483,OH,Cincinnati,"Total Gross Domestic Product for Cincinnati, OH-KY-IN (MSA)",NGMP17140,Annual,Not Seasonally Adjusted
2006-01-01,98378.087,OH,Cincinnati,"Total Gross Domestic Product for Cincinnati, OH-KY-IN (MSA)",NGMP17140,Annual,Not Seasonally Adjusted
2007-01-01,101838.093,OH,Cincinnati,"Total Gross Domestic Product for Cincinnati, OH-KY-IN (MSA)",NGMP17140,Annual,Not Seasonally Adjusted
2008-01-01,102953.503,OH,Cincinnati,"Total Gross Domestic Product for Cincinnati, OH-KY-IN (MSA)",NGMP17140,Annual,Not Seasonally Adjusted
2009-01-01,101444.252,OH,Cincinnati,"Total Gross Domestic Product for Cincinnati, OH-KY-IN (MSA)",NGMP17140,Annual,Not Seasonally Adjusted
2010-01-01,105840.509,OH,Cincinnati,"Total Gross Domestic Product for Cincinnati, OH-KY-IN (MSA)",NGMP17140,Annual,Not Seasonally Adjusted
2011-01-01,111299.716,OH,Cincinnati,"Total Gross Domestic Product for Cincinnati, OH-KY-IN (MSA)",NGMP17140,Annual,Not Seasonally Adjusted
2012-01-01,114925.551,OH,Cincinnati,"Total Gross Domestic Product for Cincinnati, OH-KY-IN (MSA)",NGMP17140,Annual,Not Seasonally Adjusted
2013-01-01,118113.716,OH,Cincinnati,"Total Gross Domestic Product for Cincinnati, OH-KY-IN (MSA)",NGMP17140,Annual,Not Seasonally Adjusted
2014-01-01,123839.243,OH,Cincinnati,"Total Gross Domestic Product for Cincinnati, OH-KY-IN (MSA)",NGMP17140,Annual,Not Seasonally Adjusted
2015-01-01,129891.317,OH,Cincinnati,"Total Gross Domestic Product for Cincinnati, OH-KY-IN (MSA)",NGMP17140,Annual,Not Seasonally Adjusted
2016-01-01,137024.55,OH,Cincinnati,"Total Gross Domestic Product for Cincinnati, OH-KY-IN (MSA)",NGMP17140,Annual,Not Seasonally Adjusted
2017-01-01,141265.278,OH,Cincinnati,"Total Gross Domestic Product for Cincinnati, OH-KY-IN (MSA)",NGMP17140,Annual,Not Seasonally Adjusted
2018-01-01,147216.32,OH,Cincinnati,"Total Gross Domestic Product for Cincinnati, OH-KY-IN (MSA)",NGMP17140,Annual,Not Seasonally Adjusted
2019-01-01,155975.384,OH,Cincinnati,"Total Gross Domestic Product for Cincinnati, OH-KY-IN (MSA)",NGMP17140,Annual,Not Seasonally Adjusted
2020-01-01,152618.516,OH,Cincinnati,"Total Gross Domestic Product for Cincinnati, OH-KY-IN (MSA)",NGMP17140,Annual,Not Seasonally Adjusted
2001-01-01,227080.475,TX,Dallas,"Total Gross Domestic Product for Dallas-Fort Worth-Arlington, TX (MSA)",NGMP19100,Annual,Not Seasonally Adjusted
2002-01-01,236415.902,TX,Dallas,"Total Gross Domestic Product for Dallas-Fort Worth-Arlington, TX (MSA)",NGMP19100,Annual,Not Seasonally Adjusted
2003-01-01,243606.207,TX,Dallas,"Total Gross Domestic Product for Dallas-Fort Worth-Arlington, TX (MSA)",NGMP19100,Annual,Not Seasonally Adjusted
2004-01-01,263007.684,TX,Dallas,"Total Gross Domestic Product for Dallas-Fort Worth-Arlington, TX (MSA)",NGMP19100,Annual,Not Seasonally Adjusted
2005-01-01,284629.814,TX,Dallas,"Total Gross Domestic Product for Dallas-Fort Worth-Arlington, TX (MSA)",NGMP19100,Annual,Not Seasonally Adjusted
2006-01-01,314651.882,TX,Dallas,"Total Gross Domestic Product for Dallas-Fort Worth-Arlington, TX (MSA)",NGMP19100,Annual,Not Seasonally Adjusted
2007-01-01,332946.793,TX,Dallas,"Total Gross Domestic Product for Dallas-Fort Worth-Arlington, TX (MSA)",NGMP19100,Annual,Not Seasonally Adjusted
2008-01-01,343969.797,TX,Dallas,"Total Gross Domestic Product for Dallas-Fort Worth-Arlington, TX (MSA)",NGMP19100,Annual,Not Seasonally Adjusted
2009-01-01,327718.816,TX,Dallas,"Total Gross Domestic Product for Dallas-Fort Worth-Arlington, TX (MSA)",NGMP19100,Annual,Not Seasonally Adjusted
2010-01-01,340179.679,TX,Dallas,"Total Gross Domestic Product for Dallas-Fort Worth-Arlington, TX (MSA)",NGMP19100,Annual,Not Seasonally Adjusted
2011-01-01,359386.458,TX,Dallas,"Total Gross Domestic Product for Dallas-Fort Worth-Arlington, TX (MSA)",NGMP19100,Annual,Not Seasonally Adjusted
2012-01-01,377846.407,TX,Dallas,"Total Gross Domestic Product for Dallas-Fort Worth-Arlington, TX (MSA)",NGMP19100,Annual,Not Seasonally Adjusted
2013-01-01,396428.072,TX,Dallas,"Total Gross Domestic Product for Dallas-Fort Worth-Arlington, TX (MSA)",NGMP19100,Annual,Not Seasonally Adjusted
2014-01-01,417730.688,TX,Dallas,"Total Gross Domestic Product for Dallas-Fort Worth-Arlington, TX (MSA)",NGMP19100,Annual,Not Seasonally Adjusted
2015-01-01,438084.248,TX,Dallas,"Total Gross Domestic Product for Dallas-Fort Worth-Arlington, TX (MSA)",NGMP19100,Annual,Not Seasonally Adjusted
2016-01-01,456712.675,TX,Dallas,"Total Gross Domestic Product for Dallas-Fort Worth-Arlington, TX (MSA)",NGMP19100,Annual,Not Seasonally Adjusted
2017-01-01,480906.203,TX,Dallas,"Total Gross Domestic Product for Dallas-Fort Worth-Arlington, TX (MSA)",NGMP19100,Annual,Not Seasonally Adjusted
2018-01-01,511962.537,TX,Dallas,"Total Gross Domestic Product for Dallas-Fort Worth-Arlington, TX (MSA)",NGMP19100,Annual,Not Seasonally Adjusted
2019-01-01,540633.961,TX,Dallas,"Total Gross Domestic Product for Dallas-Fort Worth-Arlington, TX (MSA)",NGMP19100,Annual,Not Seasonally Adjusted
2020-01-01,534807.251,TX,Dallas,"Total Gross Domestic Product for Dallas-Fort Worth-Arlington, TX (MSA)",NGMP19100,Annual,Not Seasonally Adjusted
2001-01-01,4869.293,GA,Gainesville,"Total Gross Domestic Product for Gainesville, GA (MSA)",NGMP23580,Annual,Not Seasonally Adjusted
2002-01-01,5032.557,GA,Gainesville,"Total Gross Domestic Product for Gainesville, GA (MSA)",NGMP23580,Annual,Not Seasonally Adjusted
2003-01-01,5335.056,GA,Gainesville,"Total Gross Domestic Product for Gainesville, GA (MSA)",NGMP23580,Annual,Not Seasonally Adjusted
2004-01-01,5616.229,GA,Gainesville,"Total Gross Domestic Product for Gainesville, GA (MSA)",NGMP23580,Annual,Not Seasonally Adjusted
2005-01-01,5977.382,GA,Gainesville,"Total Gross Domestic Product for Gainesville, GA (MSA)",NGMP23580,Annual,Not Seasonally Adjusted
2006-01-01,6155.354,GA,Gainesville,"Total Gross Domestic Product for Gainesville, GA (MSA)",NGMP23580,Annual,Not Seasonally Adjusted
2007-01-01,6533.64,GA,Gainesville,"Total Gross Domestic Product for Gainesville, GA (MSA)",NGMP23580,Annual,Not Seasonally Adjusted
2008-01-01,6659.045,GA,Gainesville,"Total Gross Domestic Product for Gainesville, GA (MSA)",NGMP23580,Annual,Not Seasonally Adjusted
2009-01-01,6528.086,GA,Gainesville,"Total Gross Domestic Product for Gainesville, GA (MSA)",NGMP23580,Annual,Not Seasonally Adjusted
2010-01-01,6671.908,GA,Gainesville,"Total Gross Domestic Product for Gainesville, GA (MSA)",NGMP23580,Annual,Not Seasonally Adjusted
2011-01-01,7247.619,GA,Gainesville,"Total Gross Domestic Product for Gainesville, GA (MSA)",NGMP23580,Annual,Not Seasonally Adjusted
2012-01-01,7429.86,GA,Gainesville,"Total Gross Domestic Product for Gainesville, GA (MSA)",NGMP23580,Annual,Not Seasonally Adjusted
2013-01-01,7742.71,GA,Gainesville,"Total Gross Domestic Product for Gainesville, GA (MSA)",NGMP23580,Annual,Not Seasonally Adjusted
2014-01-01,8371.102,GA,Gainesville,"Total Gross Domestic Product for Gainesville, GA (MSA)",NGMP23580,Annual,Not Seasonally Adjusted
2015-01-01,9017.994,GA,Gainesville,"Total Gross Domestic Product for Gainesville, GA (MSA)",NGMP23580,Annual,Not Seasonally Adjusted
2016-01-01,9553.457,GA,Gainesville,"Total Gross Domestic Product for Gainesville, GA (MSA)",NGMP23580,Annual,Not Seasonally Adjusted
2017-01-01,10438.467,GA,Gainesville,"Total Gross Domestic Product for Gainesville, GA (MSA)",NGMP23580,Annual,Not Seasonally Adjusted
2018-01-01,11104.232,GA,Gainesville,"Total Gross Domestic Product for Gainesville, GA (MSA)",NGMP23580,Annual,Not Seasonally Adjusted
2019-01-01,11805.734,GA,Gainesville,"Total Gross Domestic Product for Gainesville, GA (MSA)",NGMP23580,Annual,Not Seasonally Adjusted
2020-01-01,11879.587,GA,Gainesville,"Total Gross Domestic Product for Gainesville, GA (MSA)",NGMP23580,Annual,Not Seasonally Adjusted
2001-01-01,211844.038,TX,Houston,"Total Gross Domestic Product for Houston-The Woodlands-Sugar Land, TX (MSA)",NGMP26420,Annual,Not Seasonally Adjusted
2002-01-01,211544.025,TX,Houston,"Total Gross Domestic Product for Houston-The Woodlands-Sugar Land, TX (MSA)",NGMP26420,Annual,Not Seasonally Adjusted
2003-01-01,220710.445,TX,Houston,"Total Gross Domestic Product for Houston-The Woodlands-Sugar Land, TX (MSA)",NGMP26420,Annual,Not Seasonally Adjusted
2004-01-01,248836.949,TX,Houston,"Total Gross Domestic Product for Houston-The Woodlands-Sugar Land, TX (MSA)",NGMP26420,Annual,Not Seasonally Adjusted
2005-01-01,268327.933,TX,Houston,"Total Gross Domestic Product for Houston-The Woodlands-Sugar Land, TX (MSA)",NGMP26420,Annual,Not Seasonally Adjusted
2006-01-01,301970.163,TX,Houston,"Total Gross Domestic Product for Houston-The Woodlands-Sugar Land, TX (MSA)",NGMP26420,Annual,Not Seasonally Adjusted
2007-01-01,335873.22,TX,Houston,"Total Gross Domestic Product for Houston-The Woodlands-Sugar Land, TX (MSA)",NGMP26420,Annual,Not Seasonally Adjusted
2008-01-01,337185.764,TX,Houston,"Total Gross Domestic Product for Houston-The Woodlands-Sugar Land, TX (MSA)",NGMP26420,Annual,Not Seasonally Adjusted
2009-01-01,327938.543,TX,Houston,"Total Gross Domestic Product for Houston-The Woodlands-Sugar Land, TX (MSA)",NGMP26420,Annual,Not Seasonally Adjusted
2010-01-01,353397.184,TX,Houston,"Total Gross Domestic Product for Houston-The Woodlands-Sugar Land, TX (MSA)",NGMP26420,Annual,Not Seasonally Adjusted
2011-01-01,382941.351,TX,Houston,"Total Gross Domestic Product for Houston-The Woodlands-Sugar Land, TX (MSA)",NGMP26420,Annual,Not Seasonally Adjusted
2012-01-01,406972.648,TX,Houston,"Total Gross Domestic Product for Houston-The Woodlands-Sugar Land, TX (MSA)",NGMP26420,Annual,Not Seasonally Adjusted
2013-01-01,429918.372,TX,Houston,"Total Gross Domestic Product for Houston-The Woodlands-Sugar Land, TX (MSA)",NGMP26420,Annual,Not Seasonally Adjusted
2014-01-01,441959.625,TX,Houston,"Total Gross Domestic Product for Houston-The Woodlands-Sugar Land, TX (MSA)",NGMP26420,Annual,Not Seasonally Adjusted
2015-01-01,461490.275,TX,Houston,"Total Gross Domestic Product for Houston-The Woodlands-Sugar Land, TX (MSA)",NGMP26420,Annual,Not Seasonally Adjusted
2016-01-01,453323.711,TX,Houston,"Total Gross Domestic Product for Houston-The Woodlands-Sugar Land, TX (MSA)",NGMP26420,Annual,Not Seasonally Adjusted
2017-01-01,473076.363,TX,Houston,"Total Gross Domestic Product for Houston-The Woodlands-Sugar Land, TX (MSA)",NGMP26420,Annual,Not Seasonally Adjusted
2018-01-01,505889.766,TX,Houston,"Total Gross Domestic Product for Houston-The Woodlands-Sugar Land, TX (MSA)",NGMP26420,Annual,Not Seasonally Adjusted
2019-01-01,509311.54,TX,Houston,"Total Gross Domestic Product for Houston-The Woodlands-Sugar Land, TX (MSA)",NGMP26420,Annual,Not Seasonally Adjusted
2020-01-01,488164.627,TX,Houston,"Total Gross Domestic Product for Houston-The Woodlands-Sugar Land, TX (MSA)",NGMP26420,Annual,Not Seasonally Adjusted
2001-01-01,6782.48,WA,Kennewick,"Total Gross Domestic Product for Kennewick-Richland, WA (MSA)",NGMP28420,Annual,Not Seasonally Adjusted
2002-01-01,7390.047,WA,Kennewick,"Total Gross Domestic Product for Kennewick-Richland, WA (MSA)",NGMP28420,Annual,Not Seasonally Adjusted
2003-01-01,7667.953,WA,Kennewick,"Total Gross Domestic Product for Kennewick-Richland, WA (MSA)",NGMP28420,Annual,Not Seasonally Adjusted
2004-01-01,8143.078,WA,Kennewick,"Total Gross Domestic Product for Kennewick-Richland, WA (MSA)",NGMP28420,Annual,Not Seasonally Adjusted
2005-01-01,8675.385,WA,Kennewick,"Total Gross Domestic Product for Kennewick-Richland, WA (MSA)",NGMP28420,Annual,Not Seasonally Adjusted
2006-01-01,9165.77,WA,Kennewick,"Total Gross Domestic Product for Kennewick-Richland, WA (MSA)",NGMP28420,Annual,Not Seasonally Adjusted
2007-01-01,9800.191,WA,Kennewick,"Total Gross Domestic Product for Kennewick-Richland, WA (MSA)",NGMP28420,Annual,Not Seasonally Adjusted
2008-01-01,10287.224,WA,Kennewick,"Total Gross Domestic Product for Kennewick-Richland, WA (MSA)",NGMP28420,Annual,Not Seasonally Adjusted
2009-01-01,10888.009,WA,Kennewick,"Total Gross Domestic Product for Kennewick-Richland, WA (MSA)",NGMP28420,Annual,Not Seasonally Adjusted
2010-01-01,12232.582,WA,Kennewick,"Total Gross Domestic Product for Kennewick-Richland, WA (MSA)",NGMP28420,Annual,Not Seasonally Adjusted
2011-01-01,12418.429,WA,Kennewick,"Total Gross Domestic Product for Kennewick-Richland, WA (MSA)",NGMP28420,Annual,Not Seasonally Adjusted
2012-01-01,12188.947,WA,Kennewick,"Total Gross Domestic Product for Kennewick-Richland, WA (MSA)",NGMP28420,Annual,Not Seasonally Adjusted
2013-01-01,12463.769,WA,Kennewick,"Total Gross Domestic Product for Kennewick-Richland, WA (MSA)",NGMP28420,Annual,Not Seasonally Adjusted
2014-01-01,12919.07,WA,Kennewick,"Total Gross Domestic Product for Kennewick-Richland, WA (MSA)",NGMP28420,Annual,Not Seasonally Adjusted
2015-01-01,13656.3,WA,Kennewick,"Total Gross Domestic Product for Kennewick-Richland, WA (MSA)",NGMP28420,Annual,Not Seasonally Adjusted
2016-01-01,14289.5,WA,Kennewick,"Total Gross Domestic Product for Kennewick-Richland, WA (MSA)",NGMP28420,Annual,Not Seasonally Adjusted
2017-01-01,14802.895,WA,Kennewick,"Total Gross Domestic Product for Kennewick-Richland, WA (MSA)",NGMP28420,Annual,Not Seasonally Adjusted
2018-01-01,15503.439,WA,Kennewick,"Total Gross Domestic Product for Kennewick-Richland, WA (MSA)",NGMP28420,Annual,Not Seasonally Adjusted
2019-01-01,16437.128,WA,Kennewick,"Total Gross Domestic Product for Kennewick-Richland, WA (MSA)",NGMP28420,Annual,Not Seasonally Adjusted
2020-01-01,16429.467,WA,Kennewick,"Total Gross Domestic Product for Kennewick-Richland, WA (MSA)",NGMP28420,Annual,Not Seasonally Adjusted
2001-01-01,1557.966,ID,Lewiston,"Total Gross Domestic Product for Lewiston, ID-WA (MSA)",NGMP30300,Annual,Not Seasonally Adjusted
2002-01-01,1608.132,ID,Lewiston,"Total Gross Domestic Product for Lewiston, ID-WA (MSA)",NGMP30300,Annual,Not Seasonally Adjusted
2003-01-01,1665.842,ID,Lewiston,"Total Gross Domestic Product for Lewiston, ID-WA (MSA)",NGMP30300,Annual,Not Seasonally Adjusted
2004-01-01,1771.027,ID,Lewiston,"Total Gross Domestic Product for Lewiston, ID-WA (MSA)",NGMP30300,Annual,Not Seasonally Adjusted
2005-01-01,1851.574,ID,Lewiston,"Total Gross Domestic Product for Lewiston, ID-WA (MSA)",NGMP30300,Annual,Not Seasonally Adjusted
2006-01-01,1923.505,ID,Lewiston,"Total Gross Domestic Product for Lewiston, ID-WA (MSA)",NGMP30300,Annual,Not Seasonally Adjusted
2007-01-01,2006.102,ID,Lewiston,"Total Gross Domestic Product for Lewiston, ID-WA (MSA)",NGMP30300,Annual,Not Seasonally Adjusted
2008-01-01,2114.167,ID,Lewiston,"Total Gross Domestic Product for Lewiston, ID-WA (MSA)",NGMP30300,Annual,Not Seasonally Adjusted
2009-01-01,2129.337,ID,Lewiston,"Total Gross Domestic Product for Lewiston, ID-WA (MSA)",NGMP30300,Annual,Not Seasonally Adjusted
2010-01-01,2245.287,ID,Lewiston,"Total Gross Domestic Product for Lewiston, ID-WA (MSA)",NGMP30300,Annual,Not Seasonally Adjusted
2011-01-01,2241.742,ID,Lewiston,"Total Gross Domestic Product for Lewiston, ID-WA (MSA)",NGMP30300,Annual,Not Seasonally Adjusted
2012-01-01,2266.289,ID,Lewiston,"Total Gross Domestic Product for Lewiston, ID-WA (MSA)",NGMP30300,Annual,Not Seasonally Adjusted
2013-01-01,2393.843,ID,Lewiston,"Total Gross Domestic Product for Lewiston, ID-WA (MSA)",NGMP30300,Annual,Not Seasonally Adjusted
2014-01-01,2432.289,ID,Lewiston,"Total Gross Domestic Product for Lewiston, ID-WA (MSA)",NGMP30300,Annual,Not Seasonally Adjusted
2015-01-01,2550.659,ID,Lewiston,"Total Gross Domestic Product for Lewiston, ID-WA (MSA)",NGMP30300,Annual,Not Seasonally Adjusted
2016-01-01,2675.2,ID,Lewiston,"Total Gross Domestic Product for Lewiston, ID-WA (MSA)",NGMP30300,Annual,Not Seasonally Adjusted
2017-01-01,2683.829,ID,Lewiston,"Total Gross Domestic Product for Lewiston, ID-WA (MSA)",NGMP30300,Annual,Not Seasonally Adjusted
2018-01-01,2731.075,ID,Lewiston,"Total Gross Domestic Product for Lewiston, ID-WA (MSA)",NGMP30300,Annual,Not Seasonally Adjusted
2019-01-01,2906.415,ID,Lewiston,"Total Gross Domestic Product for Lewiston, ID-WA (MSA)",NGMP30300,Annual,Not Seasonally Adjusted
2020-01-01,2939.792,ID,Lewiston,"Total Gross Domestic Product for Lewiston, ID-WA (MSA)",NGMP30300,Annual,Not Seasonally Adjusted
2001-01-01,10334.056,NE,Lincoln,"Total Gross Domestic Product for Lincoln, NE (MSA)",NGMP30700,Annual,Not Seasonally Adjusted
2002-01-01,10598.411,NE,Lincoln,"Total Gross Domestic Product for Lincoln, NE (MSA)",NGMP30700,Annual,Not Seasonally Adjusted
2003-01-01,11192.074,NE,Lincoln,"Total Gross Domestic Product for Lincoln, NE (MSA)",NGMP30700,Annual,Not Seasonally Adjusted
2004-01-01,11690.256,NE,Lincoln,"Total Gross Domestic Product for Lincoln, NE (MSA)",NGMP30700,Annual,Not Seasonally Adjusted
2005-01-01,12566.557,NE,Lincoln,"Total Gross Domestic Product for Lincoln, NE (MSA)",NGMP30700,Annual,Not Seasonally Adjusted
2006-01-01,13250.041,NE,Lincoln,"Total Gross Domestic Product for Lincoln, NE (MSA)",NGMP30700,Annual,Not Seasonally Adjusted
2007-01-01,13856.735,NE,Lincoln,"Total Gross Domestic Product for Lincoln, NE (MSA)",NGMP30700,Annual,Not Seasonally Adjusted
2008-01-01,13636.043,NE,Lincoln,"Total Gross Domestic Product for Lincoln, NE (MSA)",NGMP30700,Annual,Not Seasonally Adjusted
2009-01-01,13625.556,NE,Lincoln,"Total Gross Domestic Product for Lincoln, NE (MSA)",NGMP30700,Annual,Not Seasonally Adjusted
2010-01-01,14174.599,NE,Lincoln,"Total Gross Domestic Product for Lincoln, NE (MSA)",NGMP30700,Annual,Not Seasonally Adjusted
2011-01-01,14504.609,NE,Lincoln,"Total Gross Domestic Product for Lincoln, NE (MSA)",NGMP30700,Annual,Not Seasonally Adjusted
2012-01-01,15090.768,NE,Lincoln,"Total Gross Domestic Product for Lincoln, NE (MSA)",NGMP30700,Annual,Not Seasonally Adjusted
2013-01-01,15695.078,NE,Lincoln,"Total Gross Domestic Product for Lincoln, NE (MSA)",NGMP30700,Annual,Not Seasonally Adjusted
2014-01-01,16617.041,NE,Lincoln,"Total Gross Domestic Product for Lincoln, NE (MSA)",NGMP30700,Annual,Not Seasonally Adjusted
2015-01-01,17626.969,NE,Lincoln,"Total Gross Domestic Product for Lincoln, NE (MSA)",NGMP30700,Annual,Not Seasonally Adjusted
2016-01-01,18084.567,NE,Lincoln,"Total Gross Domestic Product for Lincoln, NE (MSA)",NGMP30700,Annual,Not Seasonally Adjusted
2017-01-01,19239.523,NE,Lincoln,"Total Gross Domestic Product for Lincoln, NE (MSA)",NGMP30700,Annual,Not Seasonally Adjusted
2018-01-01,20147.779,NE,Lincoln,"Total Gross Domestic Product for Lincoln, NE (MSA)",NGMP30700,Annual,Not Seasonally Adjusted
2019-01-01,20875.274,NE,Lincoln,"Total Gross Domestic Product for Lincoln, NE (MSA)",NGMP30700,Annual,Not Seasonally Adjusted
2020-01-01,21155.138,NE,Lincoln,"Total Gross Domestic Product for Lincoln, NE (MSA)",NGMP30700,Annual,Not Seasonally Adjusted
2001-01-01,518030.432,CA,Los Angeles,"Total Gross Domestic Product for Los Angeles-Long Beach-Anaheim, CA (MSA)",NGMP31080,Annual,Not Seasonally Adjusted
2002-01-01,536607.733,CA,Los Angeles,"Total Gross Domestic Product for Los Angeles-Long Beach-Anaheim, CA (MSA)",NGMP31080,Annual,Not Seasonally Adjusted
2003-01-01,567065.251,CA,Los Angeles,"Total Gross Domestic Product for Los Angeles-Long Beach-Anaheim, CA (MSA)",NGMP31080,Annual,Not Seasonally Adjusted
2004-01-01,600418.066,CA,Los Angeles,"Total Gross Domestic Product for Los Angeles-Long Beach-Anaheim, CA (MSA)",NGMP31080,Annual,Not Seasonally Adjusted
2005-01-01,634786.051,CA,Los Angeles,"Total Gross Domestic Product for Los Angeles-Long Beach-Anaheim, CA (MSA)",NGMP31080,Annual,Not Seasonally Adjusted
2006-01-01,677313.077,CA,Los Angeles,"Total Gross Domestic Product for Los Angeles-Long Beach-Anaheim, CA (MSA)",NGMP31080,Annual,Not Seasonally Adjusted
2007-01-01,701510.899,CA,Los Angeles,"Total Gross Domestic Product for Los Angeles-Long Beach-Anaheim, CA (MSA)",NGMP31080,Annual,Not Seasonally Adjusted
2008-01-01,718064.396,CA,Los Angeles,"Total Gross Domestic Product for Los Angeles-Long Beach-Anaheim, CA (MSA)",NGMP31080,Annual,Not Seasonally Adjusted
2009-01-01,694677.52,CA,Los Angeles,"Total Gross Domestic Product for Los Angeles-Long Beach-Anaheim, CA (MSA)",NGMP31080,Annual,Not Seasonally Adjusted
2010-01-01,721432.807,CA,Los Angeles,"Total Gross Domestic Product for Los Angeles-Long Beach-Anaheim, CA (MSA)",NGMP31080,Annual,Not Seasonally Adjusted
2011-01-01,742349.632,CA,Los Angeles,"Total Gross Domestic Product for Los Angeles-Long Beach-Anaheim, CA (MSA)",NGMP31080,Annual,Not Seasonally Adjusted
2012-01-01,770616.431,CA,Los Angeles,"Total Gross Domestic Product for Los Angeles-Long Beach-Anaheim, CA (MSA)",NGMP31080,Annual,Not Seasonally Adjusted
2013-01-01,799688.139,CA,Los Angeles,"Total Gross Domestic Product for Los Angeles-Long Beach-Anaheim, CA (MSA)",NGMP31080,Annual,Not Seasonally Adjusted
2014-01-01,833317.955,CA,Los Angeles,"Total Gross Domestic Product for Los Angeles-Long Beach-Anaheim, CA (MSA)",NGMP31080,Annual,Not Seasonally Adjusted
2015-01-01,882307.124,CA,Los Angeles,"Total Gross Domestic Product for Los Angeles-Long Beach-Anaheim, CA (MSA)",NGMP31080,Annual,Not Seasonally Adjusted
2016-01-01,910277.065,CA,Los Angeles,"Total Gross Domestic Product for Los Angeles-Long Beach-Anaheim, CA (MSA)",NGMP31080,Annual,Not Seasonally Adjusted
2017-01-01,957632.371,CA,Los Angeles,"Total Gross Domestic Product for Los Angeles-Long Beach-Anaheim, CA (MSA)",NGMP31080,Annual,Not Seasonally Adjusted
2018-01-01,1006224.798,CA,Los Angeles,"Total Gross Domestic Product for Los Angeles-Long Beach-Anaheim, CA (MSA)",NGMP31080,Annual,Not Seasonally Adjusted
2019-01-01,1055570.39,CA,Los Angeles,"Total Gross Domestic Product for Los Angeles-Long Beach-Anaheim, CA (MSA)",NGMP31080,Annual,Not Seasonally Adjusted
2020-01-01,1007037.066,CA,Los Angeles,"Total Gross Domestic Product for Los Angeles-Long Beach-Anaheim, CA (MSA)",NGMP31080,Annual,Not Seasonally Adjusted
2001-01-01,3210.057,WV,Morgantown,"Total Gross Domestic Product for Morgantown, WV (MSA)",NGMP34060,Annual,Not Seasonally Adjusted
2002-01-01,3402.61,WV,Morgantown,"Total Gross Domestic Product for Morgantown, WV (MSA)",NGMP34060,Annual,Not Seasonally Adjusted
2003-01-01,3559.756,WV,Morgantown,"Total Gross Domestic Product for Morgantown, WV (MSA)",NGMP34060,Annual,Not Seasonally Adjusted
2004-01-01,3901.561,WV,Morgantown,"Total Gross Domestic Product for Morgantown, WV (MSA)",NGMP34060,Annual,Not Seasonally Adjusted
2005-01-01,4285.176,WV,Morgantown,"Total Gross Domestic Product for Morgantown, WV (MSA)",NGMP34060,Annual,Not Seasonally Adjusted
2006-01-01,4563.495,WV,Morgantown,"Total Gross Domestic Product for Morgantown, WV (MSA)",NGMP34060,Annual,Not Seasonally Adjusted
2007-01-01,4727.768,WV,Morgantown,"Total Gross Domestic Product for Morgantown, WV (MSA)",NGMP34060,Annual,Not Seasonally Adjusted
2008-01-01,5040.906,WV,Morgantown,"Total Gross Domestic Product for Morgantown, WV (MSA)",NGMP34060,Annual,Not Seasonally Adjusted
2009-01-01,5431.487,WV,Morgantown,"Total Gross Domestic Product for Morgantown, WV (MSA)",NGMP34060,Annual,Not Seasonally Adjusted
2010-01-01,5969.004,WV,Morgantown,"Total Gross Domestic Product for Morgantown, WV (MSA)",NGMP34060,Annual,Not Seasonally Adjusted
2011-01-01,6160.412,WV,Morgantown,"Total Gross Domestic Product for Morgantown, WV (MSA)",NGMP34060,Annual,Not Seasonally Adjusted
2012-01-01,6339.727,WV,Morgantown,"Total Gross Domestic Product for Morgantown, WV (MSA)",NGMP34060,Annual,Not Seasonally Adjusted
2013-01-01,6918.343,WV,Morgantown,"Total Gross Domestic Product for Morgantown, WV (MSA)",NGMP34060,Annual,Not Seasonally Adjusted
2014-01-01,7025.515,WV,Morgantown,"Total Gross Domestic Product for Morgantown, WV (MSA)",NGMP34060,Annual,Not Seasonally Adjusted
2015-01-01,7407.834,WV,Morgantown,"Total Gross Domestic Product for Morgantown, WV (MSA)",NGMP34060,Annual,Not Seasonally Adjusted
2016-01-01,7434.486,WV,Morgantown,"Total Gross Domestic Product for Morgantown, WV (MSA)",NGMP34060,Annual,Not Seasonally Adjusted
2017-01-01,7759.773,WV,Morgantown,"Total Gross Domestic Product for Morgantown, WV (MSA)",NGMP34060,Annual,Not Seasonally Adjusted
2018-01-01,7876.625,WV,Morgantown,"Total Gross Domestic Product for Morgantown, WV (MSA)",NGMP34060,Annual,Not Seasonally Adjusted
2019-01-01,7857.656,WV,Morgantown,"Total Gross Domestic Product for Morgantown, WV (MSA)",NGMP34060,Annual,Not Seasonally Adjusted
2020-01-01,7738.052,WV,Morgantown,"Total Gross Domestic Product for Morgantown, WV (MSA)",NGMP34060,Annual,Not Seasonally Adjusted
2001-01-01,8370.832,SC,Myrtle Beach,"Total Gross Domestic Product for Myrtle Beach-Conway-North Myrtle Beach, SC-NC (MSA)",NGMP34820,Annual,Not Seasonally Adjusted
2002-01-01,8655.512,SC,Myrtle Beach,"Total Gross Domestic Product for Myrtle Beach-Conway-North Myrtle Beach, SC-NC (MSA)",NGMP34820,Annual,Not Seasonally Adjusted
2003-01-01,9337.359,SC,Myrtle Beach,"Total Gross Domestic Product for Myrtle Beach-Conway-North Myrtle Beach, SC-NC (MSA)",NGMP34820,Annual,Not Seasonally Adjusted
2004-01-01,10381.752,SC,Myrtle Beach,"Total Gross Domestic Product for Myrtle Beach-Conway-North Myrtle Beach, SC-NC (MSA)",NGMP34820,Annual,Not Seasonally Adjusted
2005-01-01,11604.327,SC,Myrtle Beach,"Total Gross Domestic Product for Myrtle Beach-Conway-North Myrtle Beach, SC-NC (MSA)",NGMP34820,Annual,Not Seasonally Adjusted
2006-01-01,12459.155,SC,Myrtle Beach,"Total Gross Domestic Product for Myrtle Beach-Conway-North Myrtle Beach, SC-NC (MSA)",NGMP34820,Annual,Not Seasonally Adjusted
2007-01-01,13085.584,SC,Myrtle Beach,"Total Gross Domestic Product for Myrtle Beach-Conway-North Myrtle Beach, SC-NC (MSA)",NGMP34820,Annual,Not Seasonally Adjusted
2008-01-01,12664.56,SC,Myrtle Beach,"Total Gross Domestic Product for Myrtle Beach-Conway-North Myrtle Beach, SC-NC (MSA)",NGMP34820,Annual,Not Seasonally Adjusted
2009-01-01,12549.731,SC,Myrtle Beach,"Total Gross Domestic Product for Myrtle Beach-Conway-North Myrtle Beach, SC-NC (MSA)",NGMP34820,Annual,Not Seasonally Adjusted
2010-01-01,12564.431,SC,Myrtle Beach,"Total Gross Domestic Product for Myrtle Beach-Conway-North Myrtle Beach, SC-NC (MSA)",NGMP34820,Annual,Not Seasonally Adjusted
2011-01-01,12948.74,SC,Myrtle Beach,"Total Gross Domestic Product for Myrtle Beach-Conway-North Myrtle Beach, SC-NC (MSA)",NGMP34820,Annual,Not Seasonally Adjusted
2012-01-01,13176.762,SC,Myrtle Beach,"Total Gross Domestic Product for Myrtle Beach-Conway-North Myrtle Beach, SC-NC (MSA)",NGMP34820,Annual,Not Seasonally Adjusted
2013-01-01,13840.151,SC,Myrtle Beach,"Total Gross Domestic Product for Myrtle Beach-Conway-North Myrtle Beach, SC-NC (MSA)",NGMP34820,Annual,Not Seasonally Adjusted
2014-01-01,14872.482,SC,Myrtle Beach,"Total Gross Domestic Product for Myrtle Beach-Conway-North Myrtle Beach, SC-NC (MSA)",NGMP34820,Annual,Not Seasonally Adjusted
2015-01-01,15681.445,SC,Myrtle Beach,"Total Gross Domestic Product for Myrtle Beach-Conway-North Myrtle Beach, SC-NC (MSA)",NGMP34820,Annual,Not Seasonally Adjusted
2016-01-01,16630.285,SC,Myrtle Beach,"Total Gross Domestic Product for Myrtle Beach-Conway-North Myrtle Beach, SC-NC (MSA)",NGMP34820,Annual,Not Seasonally Adjusted
2017-01-01,17676.893,SC,Myrtle Beach,"Total Gross Domestic Product for Myrtle Beach-Conway-North Myrtle Beach, SC-NC (MSA)",NGMP34820,Annual,Not Seasonally Adjusted
2018-01-01,18417.19,SC,Myrtle Beach,"Total Gross Domestic Product for Myrtle Beach-Conway-North Myrtle Beach, SC-NC (MSA)",NGMP34820,Annual,Not Seasonally Adjusted
2019-01-01,19208.17,SC,Myrtle Beach,"Total Gross Domestic Product for Myrtle Beach-Conway-North Myrtle Beach, SC-NC (MSA)",NGMP34820,Annual,Not Seasonally Adjusted
2020-01-01,19075.327,SC,Myrtle Beach,"Total Gross Domestic Product for Myrtle Beach-Conway-North Myrtle Beach, SC-NC (MSA)",NGMP34820,Annual,Not Seasonally Adjusted
2001-01-01,5557.18,CA,Napa,"Total Gross Domestic Product for Napa, CA (MSA)",NGMP34900,Annual,Not Seasonally Adjusted
2002-01-01,6001.691,CA,Napa,"Total Gross Domestic Product for Napa, CA (MSA)",NGMP34900,Annual,Not Seasonally Adjusted
2003-01-01,6143.211,CA,Napa,"Total Gross Domestic Product for Napa, CA (MSA)",NGMP34900,Annual,Not Seasonally Adjusted
2004-01-01,6200.988,CA,Napa,"Total Gross Domestic Product for Napa, CA (MSA)",NGMP34900,Annual,Not Seasonally Adjusted
2005-01-01,6672.805,CA,Napa,"Total Gross Domestic Product for Napa, CA (MSA)",NGMP34900,Annual,Not Seasonally Adjusted
2006-01-01,6823.022,CA,Napa,"Total Gross Domestic Product for Napa, CA (MSA)",NGMP34900,Annual,Not Seasonally Adjusted
2007-01-01,7138.983,CA,Napa,"Total Gross Domestic Product for Napa, CA (MSA)",NGMP34900,Annual,Not Seasonally Adjusted
2008-01-01,7422.453,CA,Napa,"Total Gross Domestic Product for Napa, CA (MSA)",NGMP34900,Annual,Not Seasonally Adjusted
2009-01-01,7625.303,CA,Napa,"Total Gross Domestic Product for Napa, CA (MSA)",NGMP34900,Annual,Not Seasonally Adjusted
2010-01-01,7539.951,CA,Napa,"Total Gross Domestic Product for Napa, CA (MSA)",NGMP34900,Annual,Not Seasonally Adjusted
2011-01-01,7466.481,CA,Napa,"Total Gross Domestic Product for Napa, CA (MSA)",NGMP34900,Annual,Not Seasonally Adjusted
2012-01-01,8194.992,CA,Napa,"Total Gross Domestic Product for Napa, CA (MSA)",NGMP34900,Annual,Not Seasonally Adjusted
2013-01-01,8751.037,CA,Napa,"Total Gross Domestic Product for Napa, CA (MSA)",NGMP34900,Annual,Not Seasonally Adjusted
2014-01-01,9549.425,CA,Napa,"Total Gross Domestic Product for Napa, CA (MSA)",NGMP34900,Annual,Not Seasonally Adjusted
2015-01-01,10250.488,CA,Napa,"Total Gross Domestic Product for Napa, CA (MSA)",NGMP34900,Annual,Not Seasonally Adjusted
2016-01-01,10665.349,CA,Napa,"Total Gross Domestic Product for Napa, CA (MSA)",NGMP34900,Annual,Not Seasonally Adjusted
2017-01-01,10936.029,CA,Napa,"Total Gross Domestic Product for Napa, CA (MSA)",NGMP34900,Annual,Not Seasonally Adjusted
2018-01-01,11100.761,CA,Napa,"Total Gross Domestic Product for Napa, CA (MSA)",NGMP34900,Annual,Not Seasonally Adjusted
2019-01-01,11496.842,CA,Napa,"Total Gross Domestic Product for Napa, CA (MSA)",NGMP34900,Annual,Not Seasonally Adjusted
2020-01-01,11239.687,CA,Napa,"Total Gross Domestic Product for Napa, CA (MSA)",NGMP34900,Annual,Not Seasonally Adjusted
2001-01-01,943455.215,NY,New York,"Total Gross Domestic Product for New York-Newark-Jersey City, NY-NJ-PA (MSA)",NGMP35620,Annual,Not Seasonally Adjusted
2002-01-01,956748.499,NY,New York,"Total Gross Domestic Product for New York-Newark-Jersey City, NY-NJ-PA (MSA)",NGMP35620,Annual,Not Seasonally Adjusted
2003-01-01,978374.463,NY,New York,"Total Gross Domestic Product for New York-Newark-Jersey City, NY-NJ-PA (MSA)",NGMP35620,Annual,Not Seasonally Adjusted
2004-01-01,1030208.245,NY,New York,"Total Gross Domestic Product for New York-Newark-Jersey City, NY-NJ-PA (MSA)",NGMP35620,Annual,Not Seasonally Adjusted
2005-01-01,1087191.918,NY,New York,"Total Gross Domestic Product for New York-Newark-Jersey City, NY-NJ-PA (MSA)",NGMP35620,Annual,Not Seasonally Adjusted
2006-01-01,1152952.015,NY,New York,"Total Gross Domestic Product for New York-Newark-Jersey City, NY-NJ-PA (MSA)",NGMP35620,Annual,Not Seasonally Adjusted
2007-01-01,1200662.079,NY,New York,"Total Gross Domestic Product for New York-Newark-Jersey City, NY-NJ-PA (MSA)",NGMP35620,Annual,Not Seasonally Adjusted
2008-01-01,1200903.861,NY,New York,"Total Gross Domestic Product for New York-Newark-Jersey City, NY-NJ-PA (MSA)",NGMP35620,Annual,Not Seasonally Adjusted
2009-01-01,1228112.524,NY,New York,"Total Gross Domestic Product for New York-Newark-Jersey City, NY-NJ-PA (MSA)",NGMP35620,Annual,Not Seasonally Adjusted
2010-01-01,1288303.129,NY,New York,"Total Gross Domestic Product for New York-Newark-Jersey City, NY-NJ-PA (MSA)",NGMP35620,Annual,Not Seasonally Adjusted
2011-01-01,1312974.304,NY,New York,"Total Gross Domestic Product for New York-Newark-Jersey City, NY-NJ-PA (MSA)",NGMP35620,Annual,Not Seasonally Adjusted
2012-01-01,1400779.267,NY,New York,"Total Gross Domestic Product for New York-Newark-Jersey City, NY-NJ-PA (MSA)",NGMP35620,Annual,Not Seasonally Adjusted
2013-01-01,1445252.232,NY,New York,"Total Gross Domestic Product for New York-Newark-Jersey City, NY-NJ-PA (MSA)",NGMP35620,Annual,Not Seasonally Adjusted
2014-01-01,1507782.786,NY,New York,"Total Gross Domestic Product for New York-Newark-Jersey City, NY-NJ-PA (MSA)",NGMP35620,Annual,Not Seasonally Adjusted
2015-01-01,1570332.745,NY,New York,"Total Gross Domestic Product for New York-Newark-Jersey City, NY-NJ-PA (MSA)",NGMP35620,Annual,Not Seasonally Adjusted
2016-01-01,1638128.941,NY,New York,"Total Gross Domestic Product for New York-Newark-Jersey City, NY-NJ-PA (MSA)",NGMP35620,Annual,Not Seasonally Adjusted
2017-01-01,1690244.554,NY,New York,"Total Gross Domestic Product for New York-Newark-Jersey City, NY-NJ-PA (MSA)",NGMP35620,Annual,Not Seasonally Adjusted
2018-01-01,1790858.079,NY,New York,"Total Gross Domestic Product for New York-Newark-Jersey City, NY-NJ-PA (MSA)",NGMP35620,Annual,Not Seasonally Adjusted
2019-01-01,1872165.505,NY,New York,"Total Gross Domestic Product for New York-Newark-Jersey City, NY-NJ-PA (MSA)",NGMP35620,Annual,Not Seasonally Adjusted
2020-01-01,1809323.397,NY,New York,"Total Gross Domestic Product for New York-Newark-Jersey City, NY-NJ-PA (MSA)",NGMP35620,Annual,Not Seasonally Adjusted
2001-01-01,12937.743,UT,Ogden,"Total Gross Domestic Product for Ogden-Clearfield, UT (MSA)",NGMP36260,Annual,Not Seasonally Adjusted
2002-01-01,13553.892,UT,Ogden,"Total Gross Domestic Product for Ogden-Clearfield, UT (MSA)",NGMP36260,Annual,Not Seasonally Adjusted
2003-01-01,14246.169,UT,Ogden,"Total Gross Domestic Product for Ogden-Clearfield, UT (MSA)",NGMP36260,Annual,Not Seasonally Adjusted
2004-01-01,15036.902,UT,Ogden,"Total Gross Domestic Product for Ogden-Clearfield, UT (MSA)",NGMP36260,Annual,Not Seasonally Adjusted
2005-01-01,16538.395,UT,Ogden,"Total Gross Domestic Product for Ogden-Clearfield, UT (MSA)",NGMP36260,Annual,Not Seasonally Adjusted
2006-01-01,18324.761,UT,Ogden,"Total Gross Domestic Product for Ogden-Clearfield, UT (MSA)",NGMP36260,Annual,Not Seasonally Adjusted
2007-01-01,19488.786,UT,Ogden,"Total Gross Domestic Product for Ogden-Clearfield, UT (MSA)",NGMP36260,Annual,Not Seasonally Adjusted
2008-01-01,19725.122,UT,Ogden,"Total Gross Domestic Product for Ogden-Clearfield, UT (MSA)",NGMP36260,Annual,Not Seasonally Adjusted
2009-01-01,19557.455,UT,Ogden,"Total Gross Domestic Product for Ogden-Clearfield, UT (MSA)",NGMP36260,Annual,Not Seasonally Adjusted
2010-01-01,20280.387,UT,Ogden,"Total Gross Domestic Product for Ogden-Clearfield, UT (MSA)",NGMP36260,Annual,Not Seasonally Adjusted
2011-01-01,21009.278,UT,Ogden,"Total Gross Domestic Product for Ogden-Clearfield, UT (MSA)",NGMP36260,Annual,Not Seasonally Adjusted
2012-01-01,21335.067,UT,Ogden,"Total Gross Domestic Product for Ogden-Clearfield, UT (MSA)",NGMP36260,Annual,Not Seasonally Adjusted
2013-01-01,22402.686,UT,Ogden,"Total Gross Domestic Product for Ogden-Clearfield, UT (MSA)",NGMP36260,Annual,Not Seasonally Adjusted
2014-01-01,23283.693,UT,Ogden,"Total Gross Domestic Product for Ogden-Clearfield, UT (MSA)",NGMP36260,Annual,Not Seasonally Adjusted
2015-01-01,24157.007,UT,Ogden,"Total Gross Domestic Product for Ogden-Clearfield, UT (MSA)",NGMP36260,Annual,Not Seasonally Adjusted
2016-01-01,25120.979,UT,Ogden,"Total Gross Domestic Product for Ogden-Clearfield, UT (MSA)",NGMP36260,Annual,Not Seasonally Adjusted
2017-01-01,27103.814,UT,Ogden,"Total Gross Domestic Product for Ogden-Clearfield, UT (MSA)",NGMP36260,Annual,Not Seasonally Adjusted
2018-01-01,29163.155,UT,Ogden,"Total Gross Domestic Product for Ogden-Clearfield, UT (MSA)",NGMP36260,Annual,Not Seasonally Adjusted
2019-01-01,30710.271,UT,Ogden,"Total Gross Domestic Product for Ogden-Clearfield, UT (MSA)",NGMP36260,Annual,Not Seasonally Adjusted
2020-01-01,31526.651,UT,Ogden,"Total Gross Domestic Product for Ogden-Clearfield, UT (MSA)",NGMP36260,Annual,Not Seasonally Adjusted
2001-01-01,3449.865,CO,Pueblo,"Total Gross Domestic Product for Pueblo, CO (MSA)",NGMP39380,Annual,Not Seasonally Adjusted
2002-01-01,3558.151,CO,Pueblo,"Total Gross Domestic Product for Pueblo, CO (MSA)",NGMP39380,Annual,Not Seasonally Adjusted
2003-01-01,3718.955,CO,Pueblo,"Total Gross Domestic Product for Pueblo, CO (MSA)",NGMP39380,Annual,Not Seasonally Adjusted
2004-01-01,4066.589,CO,Pueblo,"Total Gross Domestic Product for Pueblo, CO (MSA)",NGMP39380,Annual,Not Seasonally Adjusted
2005-01-01,3976.607,CO,Pueblo,"Total Gross Domestic Product for Pueblo, CO (MSA)",NGMP39380,Annual,Not Seasonally Adjusted
2006-01-01,4281.152,CO,Pueblo,"Total Gross Domestic Product for Pueblo, CO (MSA)",NGMP39380,Annual,Not Seasonally Adjusted
2007-01-01,4417.313,CO,Pueblo,"Total Gross Domestic Product for Pueblo, CO (MSA)",NGMP39380,Annual,Not Seasonally Adjusted
2008-01-01,4766.332,CO,Pueblo,"Total Gross Domestic Product for Pueblo, CO (MSA)",NGMP39380,Annual,Not Seasonally Adjusted
2009-01-01,4826.678,CO,Pueblo,"Total Gross Domestic Product for Pueblo, CO (MSA)",NGMP39380,Annual,Not Seasonally Adjusted
2010-01-01,4965.195,CO,Pueblo,"Total Gross Domestic Product for Pueblo, CO (MSA)",NGMP39380,Annual,Not Seasonally Adjusted
2011-01-01,5202.729,CO,Pueblo,"Total Gross Domestic Product for Pueblo, CO (MSA)",NGMP39380,Annual,Not Seasonally Adjusted
2012-01-01,5392.829,CO,Pueblo,"Total Gross Domestic Product for Pueblo, CO (MSA)",NGMP39380,Annual,Not Seasonally Adjusted
2013-01-01,5441.642,CO,Pueblo,"Total Gross Domestic Product for Pueblo, CO (MSA)",NGMP39380,Annual,Not Seasonally Adjusted
2014-01-01,5464.89,CO,Pueblo,"Total Gross Domestic Product for Pueblo, CO (MSA)",NGMP39380,Annual,Not Seasonally Adjusted
2015-01-01,5684.26,CO,Pueblo,"Total Gross Domestic Product for Pueblo, CO (MSA)",NGMP39380,Annual,Not Seasonally Adjusted
2016-01-01,5884.893,CO,Pueblo,"Total Gross Domestic Product for Pueblo, CO (MSA)",NGMP39380,Annual,Not Seasonally Adjusted
2017-01-01,5976.354,CO,Pueblo,"Total Gross Domestic Product for Pueblo, CO (MSA)",NGMP39380,Annual,Not Seasonally Adjusted
2018-01-01,6315.851,CO,Pueblo,"Total Gross Domestic Product for Pueblo, CO (MSA)",NGMP39380,Annual,Not Seasonally Adjusted
2019-01-01,6655.712,CO,Pueblo,"Total Gross Domestic Product for Pueblo, CO (MSA)",NGMP39380,Annual,Not Seasonally Adjusted
2020-01-01,6493.531,CO,Pueblo,"Total Gross Domestic Product for Pueblo, CO (MSA)",NGMP39380,Annual,Not Seasonally Adjusted
2001-01-01,2789.61,FL,Punta Gorda,"Total Gross Domestic Product for Punta Gorda, FL (MSA)",NGMP39460,Annual,Not Seasonally Adjusted
2002-01-01,3062.927,FL,Punta Gorda,"Total Gross Domestic Product for Punta Gorda, FL (MSA)",NGMP39460,Annual,Not Seasonally Adjusted
2003-01-01,3275.407,FL,Punta Gorda,"Total Gross Domestic Product for Punta Gorda, FL (MSA)",NGMP39460,Annual,Not Seasonally Adjusted
2004-01-01,3625.066,FL,Punta Gorda,"Total Gross Domestic Product for Punta Gorda, FL (MSA)",NGMP39460,Annual,Not Seasonally Adjusted
2005-01-01,4104.518,FL,Punta Gorda,"Total Gross Domestic Product for Punta Gorda, FL (MSA)",NGMP39460,Annual,Not Seasonally Adjusted
2006-01-01,4186.016,FL,Punta Gorda,"Total Gross Domestic Product for Punta Gorda, FL (MSA)",NGMP39460,Annual,Not Seasonally Adjusted
2007-01-01,4294.075,FL,Punta Gorda,"Total Gross Domestic Product for Punta Gorda, FL (MSA)",NGMP39460,Annual,Not Seasonally Adjusted
2008-01-01,3957.077,FL,Punta Gorda,"Total Gross Domestic Product for Punta Gorda, FL (MSA)",NGMP39460,Annual,Not Seasonally Adjusted
2009-01-01,3867.608,FL,Punta Gorda,"Total Gross Domestic Product for Punta Gorda, FL (MSA)",NGMP39460,Annual,Not Seasonally Adjusted
2010-01-01,3844.388,FL,Punta Gorda,"Total Gross Domestic Product for Punta Gorda, FL (MSA)",NGMP39460,Annual,Not Seasonally Adjusted
2011-01-01,3825.416,FL,Punta Gorda,"Total Gross Domestic Product for Punta Gorda, FL (MSA)",NGMP39460,Annual,Not Seasonally Adjusted
2012-01-01,4083.143,FL,Punta Gorda,"Total Gross Domestic Product for Punta Gorda, FL (MSA)",NGMP39460,Annual,Not Seasonally Adjusted
2013-01-01,4152.881,FL,Punta Gorda,"Total Gross Domestic Product for Punta Gorda, FL (MSA)",NGMP39460,Annual,Not Seasonally Adjusted
2014-01-01,4310.058,FL,Punta Gorda,"Total Gross Domestic Product for Punta Gorda, FL (MSA)",NGMP39460,Annual,Not Seasonally Adjusted
2015-01-01,4642.984,FL,Punta Gorda,"Total Gross Domestic Product for Punta Gorda, FL (MSA)",NGMP39460,Annual,Not Seasonally Adjusted
2016-01-01,4904.986,FL,Punta Gorda,"Total Gross Domestic Product for Punta Gorda, FL (MSA)",NGMP39460,Annual,Not Seasonally Adjusted
2017-01-01,5241.615,FL,Punta Gorda,"Total Gross Domestic Product for Punta Gorda, FL (MSA)",NGMP39460,Annual,Not Seasonally Adjusted
2018-01-01,5540.315,FL,Punta Gorda,"Total Gross Domestic Product for Punta Gorda, FL (MSA)",NGMP39460,Annual,Not Seasonally Adjusted
2019-01-01,5918.689,FL,Punta Gorda,"Total Gross Domestic Product for Punta Gorda, FL (MSA)",NGMP39460,Annual,Not Seasonally Adjusted
2020-01-01,6072.767,FL,Punta Gorda,"Total Gross Domestic Product for Punta Gorda, FL (MSA)",NGMP39460,Annual,Not Seasonally Adjusted
2001-01-01,10637.714,IL,Rockford,"Total Gross Domestic Product for Rockford, IL (MSA)",NGMP40420,Annual,Not Seasonally Adjusted
2002-01-01,11018.968,IL,Rockford,"Total Gross Domestic Product for Rockford, IL (MSA)",NGMP40420,Annual,Not Seasonally Adjusted
2003-01-01,11355.804,IL,Rockford,"Total Gross Domestic Product for Rockford, IL (MSA)",NGMP40420,Annual,Not Seasonally Adjusted
2004-01-01,11809.639,IL,Rockford,"Total Gross Domestic Product for Rockford, IL (MSA)",NGMP40420,Annual,Not Seasonally Adjusted
2005-01-01,12339.997,IL,Rockford,"Total Gross Domestic Product for Rockford, IL (MSA)",NGMP40420,Annual,Not Seasonally Adjusted
2006-01-01,13013.217,IL,Rockford,"Total Gross Domestic Product for Rockford, IL (MSA)",NGMP40420,Annual,Not Seasonally Adjusted
2007-01-01,13544.808,IL,Rockford,"Total Gross Domestic Product for Rockford, IL (MSA)",NGMP40420,Annual,Not Seasonally Adjusted
2008-01-01,13528.772,IL,Rockford,"Total Gross Domestic Product for Rockford, IL (MSA)",NGMP40420,Annual,Not Seasonally Adjusted
2009-01-01,12958.218,IL,Rockford,"Total Gross Domestic Product for Rockford, IL (MSA)",NGMP40420,Annual,Not Seasonally Adjusted
2010-01-01,13023.807,IL,Rockford,"Total Gross Domestic Product for Rockford, IL (MSA)",NGMP40420,Annual,Not Seasonally Adjusted
2011-01-01,13607.794,IL,Rockford,"Total Gross Domestic Product for Rockford, IL (MSA)",NGMP40420,Annual,Not Seasonally Adjusted
2012-01-01,14077.488,IL,Rockford,"Total Gross Domestic Product for Rockford, IL (MSA)",NGMP40420,Annual,Not Seasonally Adjusted
2013-01-01,14159.17,IL,Rockford,"Total Gross Domestic Product for Rockford, IL (MSA)",NGMP40420,Annual,Not Seasonally Adjusted
2014-01-01,14551.057,IL,Rockford,"Total Gross Domestic Product for Rockford, IL (MSA)",NGMP40420,Annual,Not Seasonally Adjusted
2015-01-01,15243.209,IL,Rockford,"Total Gross Domestic Product for Rockford, IL (MSA)",NGMP40420,Annual,Not Seasonally Adjusted
2016-01-01,15421.491,IL,Rockford,"Total Gross Domestic Product for Rockford, IL (MSA)",NGMP40420,Annual,Not Seasonally Adjusted
2017-01-01,15794.109,IL,Rockford,"Total Gross Domestic Product for Rockford, IL (MSA)",NGMP40420,Annual,Not Seasonally Adjusted
2018-01-01,16568.631,IL,Rockford,"Total Gross Domestic Product for Rockford, IL (MSA)",NGMP40420,Annual,Not Seasonally Adjusted
2019-01-01,16792.938,IL,Rockford,"Total Gross Domestic Product for Rockford, IL (MSA)",NGMP40420,Annual,Not Seasonally Adjusted
2020-01-01,15686.898,IL,Rockford,"Total Gross Domestic Product for Rockford, IL (MSA)",NGMP40420,Annual,Not Seasonally Adjusted
2001-01-01,19124.837,NJ,Trenton,"Total Gross Domestic Product for Trenton, NJ (MSA)",NGMP45940,Annual,Not Seasonally Adjusted
2002-01-01,19919.72,NJ,Trenton,"Total Gross Domestic Product for Trenton, NJ (MSA)",NGMP45940,Annual,Not Seasonally Adjusted
2003-01-01,20730.036,NJ,Trenton,"Total Gross Domestic Product for Trenton, NJ (MSA)",NGMP45940,Annual,Not Seasonally Adjusted
2004-01-01,21475.449,NJ,Trenton,"Total Gross Domestic Product for Trenton, NJ (MSA)",NGMP45940,Annual,Not Seasonally Adjusted
2005-01-01,22674.24,NJ,Trenton,"Total Gross Domestic Product for Trenton, NJ (MSA)",NGMP45940,Annual,Not Seasonally Adjusted
2006-01-01,23572.011,NJ,Trenton,"Total Gross Domestic Product for Trenton, NJ (MSA)",NGMP45940,Annual,Not Seasonally Adjusted
2007-01-01,24070.86,NJ,Trenton,"Total Gross Domestic Product for Trenton, NJ (MSA)",NGMP45940,Annual,Not Seasonally Adjusted
2008-01-01,25560.484,NJ,Trenton,"Total Gross Domestic Product for Trenton, NJ (MSA)",NGMP45940,Annual,Not Seasonally Adjusted
2009-01-01,24917.094,NJ,Trenton,"Total Gross Domestic Product for Trenton, NJ (MSA)",NGMP45940,Annual,Not Seasonally Adjusted
2010-01-01,25498.282,NJ,Trenton,"Total Gross Domestic Product for Trenton, NJ (MSA)",NGMP45940,Annual,Not Seasonally Adjusted
2011-01-01,25973.657,NJ,Trenton,"Total Gross Domestic Product for Trenton, NJ (MSA)",NGMP45940,Annual,Not Seasonally Adjusted
2012-01-01,28168.568,NJ,Trenton,"Total Gross Domestic Product for Trenton, NJ (MSA)",NGMP45940,Annual,Not Seasonally Adjusted
2013-01-01,28809.183,NJ,Trenton,"Total Gross Domestic Product for Trenton, NJ (MSA)",NGMP45940,Annual,Not Seasonally Adjusted
2014-01-01,29318.149,NJ,Trenton,"Total Gross Domestic Product for Trenton, NJ (MSA)",NGMP45940,Annual,Not Seasonally Adjusted
2015-01-01,30154.777,NJ,Trenton,"Total Gross Domestic Product for Trenton, NJ (MSA)",NGMP45940,Annual,Not Seasonally Adjusted
2016-01-01,31739.303,NJ,Trenton,"Total Gross Domestic Product for Trenton, NJ (MSA)",NGMP45940,Annual,Not Seasonally Adjusted
2017-01-01,32078.032,NJ,Trenton,"Total Gross Domestic Product for Trenton, NJ (MSA)",NGMP45940,Annual,Not Seasonally Adjusted
2018-01-01,33614.679,NJ,Trenton,"Total Gross Domestic Product for Trenton, NJ (MSA)",NGMP45940,Annual,Not Seasonally Adjusted
2019-01-01,38210.871,NJ,Trenton,"Total Gross Domestic Product for Trenton, NJ (MSA)",NGMP45940,Annual,Not Seasonally Adjusted
2020-01-01,38268.966,NJ,Trenton,"Total Gross Domestic Product for Trenton, NJ (MSA)",NGMP45940,Annual,Not Seasonally Adjusted
2001-01-01,20369.262,KS,Wichita,"Total Gross Domestic Product for Wichita, KS (MSA)",NGMP48620,Annual,Not Seasonally Adjusted
2002-01-01,20556.261,KS,Wichita,"Total Gross Domestic Product for Wichita, KS (MSA)",NGMP48620,Annual,Not Seasonally Adjusted
2003-01-01,20610.345,KS,Wichita,"Total Gross Domestic Product for Wichita, KS (MSA)",NGMP48620,Annual,Not Seasonally Adjusted
2004-01-01,21102.258,KS,Wichita,"Total Gross Domestic Product for Wichita, KS (MSA)",NGMP48620,Annual,Not Seasonally Adjusted
2005-01-01,21954.861,KS,Wichita,"Total Gross Domestic Product for Wichita, KS (MSA)",NGMP48620,Annual,Not Seasonally Adjusted
2006-01-01,25019.903,KS,Wichita,"Total Gross Domestic Product for Wichita, KS (MSA)",NGMP48620,Annual,Not Seasonally Adjusted
2007-01-01,27441.485,KS,Wichita,"Total Gross Domestic Product for Wichita, KS (MSA)",NGMP48620,Annual,Not Seasonally Adjusted
2008-01-01,27654.914,KS,Wichita,"Total Gross Domestic Product for Wichita, KS (MSA)",NGMP48620,Annual,Not Seasonally Adjusted
2009-01-01,25431.662,KS,Wichita,"Total Gross Domestic Product for Wichita, KS (MSA)",NGMP48620,Annual,Not Seasonally Adjusted
2010-01-01,26862.455,KS,Wichita,"Total Gross Domestic Product for Wichita, KS (MSA)",NGMP48620,Annual,Not Seasonally Adjusted
2011-01-01,28092.296,KS,Wichita,"Total Gross Domestic Product for Wichita, KS (MSA)",NGMP48620,Annual,Not Seasonally Adjusted
2012-01-01,28592.28,KS,Wichita,"Total Gross Domestic Product for Wichita, KS (MSA)",NGMP48620,Annual,Not Seasonally Adjusted
2013-01-01,27547.943,KS,Wichita,"Total Gross Domestic Product for Wichita, KS (MSA)",NGMP48620,Annual,Not Seasonally Adjusted
2014-01-01,29875.527,KS,Wichita,"Total Gross Domestic Product for Wichita, KS (MSA)",NGMP48620,Annual,Not Seasonally Adjusted
2015-01-01,32077.471,KS,Wichita,"Total Gross Domestic Product for Wichita, KS (MSA)",NGMP48620,Annual,Not Seasonally Adjusted
2016-01-01,35020.665,KS,Wichita,"Total Gross Domestic Product for Wichita, KS (MSA)",NGMP48620,Annual,Not Seasonally Adjusted
2017-01-01,36282.429,KS,Wichita,"Total Gross Domestic Product for Wichita, KS (MSA)",NGMP48620,Annual,Not Seasonally Adjusted
2018-01-01,37015.154,KS,Wichita,"Total Gross Domestic Product for Wichita, KS (MSA)",NGMP48620,Annual,Not Seasonally Adjusted
2019-01-01,38243.374,KS,Wichita,"Total Gross Domestic Product for Wichita, KS (MSA)",NGMP48620,Annual,Not Seasonally Adjusted
2020-01-01,36321.604,KS,Wichita,"Total Gross Domestic Product for Wichita, KS (MSA)",NGMP48620,Annual,Not Seasonally Adjusted
